curr_dens,Volts_tot,Temp_tot,t_tot,SOC_tot
0,3.98716489254555,298.15,0,80
0,3.98716489254442,298.150000013488,0.5,80
0,3.98716489254321,298.150000024707,1,80
0,3.98716489254156,298.150000040646,1.5,80
0,3.98716489253837,298.150000075544,2,80
0,3.98716489253674,298.15000009082,2.5,80
0,3.98716489253302,298.150000127184,3,80
0,3.98716489253157,298.150000141404,3.5,80
0,3.98716489252859,298.150000172248,4,80
0,3.98716489252721,298.150000187733,4.5,80
0,3.98716489252489,298.150000211027,5,80
0,3.98716489252326,298.150000224953,5.5,80
0,3.98716489252361,298.15000022069,6,80
0,3.98716489252097,298.150000248553,6.5,80
0,3.98716489251972,298.150000260163,7,80
-8.76900034844875,3.97295930862131,298.150485335558,7.5,79.995833406225
-8.76900034844875,3.97285575108887,298.151012140897,8,79.9916668124499
2.19225008711219,3.99051791786619,298.150978722315,8.5,79.9927084608936
2.19225008711219,3.9905520300551,298.150898267015,9,79.9937501093374
-5.84600008711219,3.97755594241633,298.151175215721,9.5,79.990972380223
-5.84600008711219,3.97749056016474,298.151487351638,10,79.9881946511087
-2.92300026133656,3.98216388766967,298.151635606503,10.5,79.986805786448
-2.92300026133656,3.9821380186954,298.151770698097,11,79.9854169217873
2.19225008711219,3.990404400656,298.151708409145,11.5,79.9864585702311
2.19225008711219,3.99043894730256,298.151625445235,12,79.9875002186749
0,3.98691693906415,298.151612447854,12.5,79.9875002186749
0,3.98692146117225,298.151608264194,13,79.9875002186749
0,3.98692565111994,298.151604079074,13.5,79.9875002186749
0,3.98692951513233,298.151599903167,14,79.9875002186748
0,3.98693307858456,298.151595715041,14.5,79.9875002186749
0,3.98693637832128,298.151591531207,15,79.9875002186748
0,3.98693943855353,298.151587345936,15.5,79.9875002186749
0,3.98694229018199,298.151583177421,16,79.9875002186749
0,3.9869449513957,298.151579019555,16.5,79.9875002186748
0,3.98694744487333,298.15157486883,17,79.9875002186748
0,3.98694978448842,298.151570714914,17.5,79.9875002186748
0,3.98695198702973,298.151566567578,18,79.9875002186749
0,3.9869540632469,298.151562419866,18.5,79.9875002186748
0,3.98695602576444,298.151558280585,19,79.9875002186749
0,3.98695788306598,298.151554163198,19.5,79.9875002186749
0,3.9869596448198,298.151550056006,20,79.9875002186748
0,3.9869613178439,298.151545950772,20.5,79.9875002186749
0,3.98696290966808,298.151541868099,21,79.9875002186749
0,3.986964425856,298.151537776716,21.5,79.9875002186749
0,3.9869658723677,298.151533696581,22,79.9875002186748
0,3.98696725380295,298.151529631949,22.5,79.9875002186749
0,3.98696857494605,298.151525581069,23,79.9875002186749
0,3.98696983964985,298.151521524539,23.5,79.9875002186749
0,3.98697105180258,298.151517474667,24,79.9875002186749
0,3.98697221466015,298.151513439699,24.5,79.9875002186749
0,3.98697333141878,298.151509421414,25,79.9875002186749
0,3.98697440486024,298.151505410427,25.5,79.9875002186749
0,3.98697543763527,298.15150142829,26,79.9875002186749
0,3.98697643214009,298.151497435405,26.5,79.9875002186748
0,3.98697739059554,298.151493455576,27,79.9875002186749
-2.92300004355609,3.98224105886934,298.151614384875,27.5,79.9861113541177
-2.92300004355609,3.98220757128383,298.151747774466,28,79.9847224895605
-2.92300004355609,3.98217563603207,298.151881219757,28.5,79.9833336250033
-2.92300004355609,3.98214490528522,298.15201468871,29,79.9819447604461
1.46150002177805,3.98922186762561,298.151972840922,29.5,79.9826391927247
1.46150002177805,3.98924448516896,298.151913028211,30,79.9833336250033
0,3.9868962866851,298.151902086376,30.5,79.9833336250033
0,3.98689892269378,298.151897049398,31,79.9833336250033
0,3.9869013770682,298.151892040463,31.5,79.9833336250033
0,3.9869036574723,298.151887027311,32,79.9833336250033
0,3.98690577780935,298.15188203103,32.5,79.9833336250033
0,3.98690775894395,298.151877056585,33,79.9833336250033
0,3.98690961406717,298.151872088295,33.5,79.9833336250033
0,3.98691135993814,298.151867124311,34,79.9833336250033
0,3.98691300613886,298.151862164278,34.5,79.9833336250033
0,3.986914564535,298.151857234137,35,79.9833336250033
0,3.98691604232566,298.151852305305,35.5,79.9833336250033
0,3.98691744810634,298.151847380152,36,79.9833336250033
0,3.98691878740831,298.151842470931,36.5,79.9833336250033
0,3.98692006660351,298.151837561613,37,79.9833336250033
0,3.98692129004641,298.151832681641,37.5,79.9833336250033
0,3.98692246257424,298.15182780293,38,79.9833336250033
0,3.98692358769092,298.151822935052,38.5,79.9833336250033
0,3.98692466914556,298.151818071915,39,79.9833336250033
0,3.98692570980807,298.151813228814,39.5,79.9833336250033
0,3.98692671263867,298.151808403273,40,79.9833336250033
0,3.98692768002697,298.151803599467,40.5,79.9833336250033
0,3.98692861434967,298.151798800564,41,79.9833336250033
0,3.98692951762269,298.151794006708,41.5,79.9833336250033
0,3.98693039177857,298.151789235824,42,79.9833336250033
0,3.98693123853666,298.15178447606,42.5,79.9833336250033
0,3.98693205949031,298.151779731163,43,79.9833336250033
0,3.98693285612023,298.151775004912,43.5,79.9833336250033
0,3.98693362975519,298.151770270896,44,79.9833336250033
0,3.98693438167921,298.15176555854,44.5,79.9833336250033
0,3.98693511300952,298.151760850069,45,79.9833336250033
0,3.98693582486889,298.151756168944,45.5,79.9833336250033
0,3.9869365182047,298.151751485719,46,79.9833336250033
0,3.98693719400649,298.151746827045,46.5,79.9833336250033
0,3.9869378530813,298.151742189494,47,79.9833336250033
-11.6920001742244,3.9680054911393,298.152465158746,47.5,79.9777781667745
-11.6920001742244,3.96786762695242,298.153246915006,48,79.9722227085458
-70.151995818615,3.87502754972977,298.166591775325,48.5,79.9388899616567
-70.151995818615,3.87415607097781,298.180592418679,49,79.9055572147676
-81.843998606205,3.8554250243096,298.199079499705,49.5,79.866669008408
-81.843998606205,3.85446344790549,298.217955358847,50,79.8277808020484
-40.92200278759,3.91733547126904,298.224224497879,50.5,79.8083366972129
-40.92200278759,3.91698456204613,298.230144767162,51,79.7888925923775
-17.53799721241,3.95418296615404,298.231860541571,51.5,79.780559406483
-17.53799721241,3.9541163103263,298.233399893035,52,79.7722262205886
0,3.98245151741317,298.233339063277,52.5,79.7722262205886
0,3.98256892805813,298.233175651449,53,79.7722262205886
10.2305006968975,3.9992624588606,298.232727516242,53.5,79.7770872467974
10.2305006968975,3.99946923983053,298.232240944064,54,79.7819482730063
-5.84600836277008,3.9736039410248,298.232364054909,54.5,79.7791705399598
-5.84600836277008,3.97359850546175,298.232552418888,55,79.7763928069132
-35.0759944248199,3.92651037462365,298.236756667599,55.5,79.7597264351243
-35.0759944248199,3.92614418398882,298.241183242351,56,79.7430600633354
-55.53700278759,3.89338242064023,298.250703389858,56.5,79.7166716358175
-55.53700278759,3.89277649502328,298.260503670939,57,79.6902832082996
4.38450278759003,3.98835262771229,298.260453205835,57.5,79.6923665064289
4.38450278759003,3.988525290522,298.260015405855,58,79.6944498045581
2.19224442481995,3.98512417077862,298.259653087151,58.5,79.6954914503114
2.19224442481995,3.98523807552048,298.25929508563,59,79.6965330960648
-29.23,3.93459793805696,298.262390708381,59.5,79.6826444506998
-29.23,3.93431636896153,298.265689582633,60,79.6687558053349
-81.8439776992798,3.85165206164926,298.28430294093,60.5,79.6298676089092
-81.8439776992798,3.85067549346975,298.303672692106,61,79.5909794124836
-75.9980111503601,3.85866845885428,298.321014832809,61.5,79.5548689292366
-75.9980111503601,3.85785459391574,298.338490897958,62,79.5187584459896
-81.8439776992798,3.84812951746775,298.358472186883,62.5,79.479870249564
-81.8439776992798,3.84727323564349,298.378723464962,63,79.4409820531383
-93.5360223007202,3.82876339911719,298.404274202495,63.5,79.3965383773742
-93.5360223007202,3.82776990998166,298.430238792984,64,79.3520947016102
-55.5369888496399,3.88532108423075,298.441593424625,64.5,79.3257062807149
-55.5369888496399,3.88493401296316,298.45254298625,65,79.2993178598196
8.76899163722992,3.98814553893641,298.452016855086,65.5,79.3034844494555
8.76899163722992,3.98850360611897,298.451013110158,66,79.3076510390914
25.57625,4.01602581747375,298.450064063911,66.5,79.3198036037857
25.57625,4.01649345247773,298.449074538093,67,79.3319561684801
27.0377555751801,4.01928595089704,298.448182670804,67.5,79.3448031680917
27.0377555751801,4.01971672852544,298.447316889908,68,79.3576501677033
31.422251393795,4.02717154994789,298.446778243457,68.5,79.3725804621329
31.422251393795,4.02761157138779,298.446273431239,69,79.3875107565625
33.6144993031025,4.0315479601591,298.446001107699,69.5,79.4034826984011
33.6144993031025,4.03198056617746,298.445772155632,70,79.4194546402396
22.6532493031025,4.01480393525417,298.444826142096,70.5,79.4302183400663
22.6532493031025,4.01508879642094,298.443924877719,71,79.440982039893
2.92300069689751,3.98355158690112,298.442967174277,71.5,79.4423709047607
2.92300069689751,3.98359857038547,298.44207821769,72,79.4437597696283
-29.23,3.93191359912238,298.44473996685,72.5,79.4298711242633
-29.23,3.93157565343781,298.447622376718,73,79.4159824788984
-75.99799721241,3.85801236730771,298.463674365814,73.5,79.379872002274
-75.99799721241,3.8570727128511,298.480398324851,74,79.3437615256497
-96.4590055751801,3.82533682773163,298.505993863922,74.5,79.2979289932963
-96.4590055751801,3.82416782119547,298.532213838328,75,79.2520964609429
-52.6140055751801,3.89024717705249,298.541943686885,75.5,79.227096896637
-52.6140055751801,3.88979982031409,298.551257850714,76,79.202097332331
0,3.97372194864403,298.550784405426,76.5,79.202097332331
0,3.9739204890258,298.549917613755,77,79.202097332331
9.49975139379501,3.98945539126106,298.548572096952,77.5,79.2066111427369
9.49975139379501,3.989712679024,298.547177970527,78,79.2111249531428
21.9225,4.00998171993145,298.545825150296,78.5,79.2215414371665
21.9225,4.0103394353696,298.544451441991,79,79.2319579211902
18.9994993031025,4.00597562860113,298.543019998782,79.5,79.2409855403463
18.9994993031025,4.00626710188326,298.541615010759,80,79.2500131595024
9.49975139379501,3.99124395549521,298.540199796567,80.5,79.2545269699082
9.49975139379501,3.99140630296697,298.538823044958,81,79.2590407803141
11.6919993031025,3.99509729420578,298.537425118586,81.5,79.264596238129
11.6919993031025,3.9952757187435,298.53602641927,82,79.2701516959438
1.46149991288781,3.97895873970305,298.534925256692,82.5,79.2708461281706
1.46149991288781,3.97900893866793,298.533867349251,83,79.2715405603976
5.11524991288781,3.98495018070363,298.532655304751,83.5,79.273971073295
5.11524991288781,3.98504380134273,298.531430399843,84,79.2764015861925
0.730750010889024,3.97806814365329,298.530399256862,84.5,79.2767488023318
0.730750010889024,3.97810627602619,298.529388901302,85,79.2770960184711
0,3.97696704709378,298.528420145047,85.5,79.2770960184711
0,3.97699690630325,298.527456455831,86,79.2770960184711
0,3.97702688328906,298.526494670192,86.5,79.2770960184711
0,3.97705673278207,298.525534550135,87,79.2770960184711
0,3.97708630777788,298.524576373569,87.5,79.2770960184711
0,3.97711555696219,298.523619892651,88,79.2770960184711
-8.76900034844875,3.96302139560903,298.523320417407,88.5,79.272929424696
-8.76900034844875,3.96294589078389,298.523068560235,89,79.268762830921
0.730750065334141,3.97817661237418,298.522120146674,89.5,79.2691100470861
0.730750065334141,3.97822115777239,298.521127420328,90,79.2694572632513
1.46150002177805,3.97944052531268,298.52009952508,90.5,79.2701516955299
1.46150002177805,3.97948916587034,298.519070427791,91,79.2708461278085
0,3.97718117652409,298.518119399133,91.5,79.2708461278085
0,3.97720913422674,298.517176878917,92,79.2708461278085
0,3.97723640920425,298.516236522382,92.5,79.2708461278085
0,3.9772631114601,298.515297997465,93,79.2708461278085
0,3.97728913974458,298.514361750863,93.5,79.2708461278085
0,3.97731456513927,298.51342764175,94,79.2708461278085
0,3.97733948813557,298.512495423522,94.5,79.2708461278085
0,3.9773638620726,298.51156540043,95,79.2708461278085
0,3.97738777853938,298.510637263945,95.5,79.2708461278085
0,3.97741119453544,298.509711328649,96,79.2708461278085
-78.921001393795,3.85301501427718,298.52635608324,96.5,79.2333467846609
-78.921001393795,3.85200614639753,298.543910090859,97,79.1958474415133
-163.68801115036,3.72987220520526,298.607793660674,97.5,79.1180710221714
-163.68801115036,3.7275720531579,298.674207153854,98,79.0402946028296
-119.84298327446,3.78631204725224,298.714189914992,98.5,78.9833511647805
-119.84298327446,3.78493858602688,298.753985695169,99,78.9264077267313
-96.4590055751801,3.817846840796,298.781955180312,99.5,78.8805751943779
-96.4590055751801,3.8169066359874,298.809809112797,100,78.8347426620246
-49.6909944248199,3.88795152122942,298.819286041156,100.5,78.8111319675532
-49.6909944248199,3.88770927598106,298.828181427101,101,78.7875212730819
0.730752787590027,3.96846255306332,298.82719050134,101.5,78.7878684905405
0.730752787590027,3.96877052704019,298.825763480427,102,78.7882157079991
0.730738849639893,3.96903940076301,298.824282882359,102.5,78.7885629188352
0.730738849639893,3.96927914351034,298.822764589905,103,78.7889101296712
15.34575278759,3.99306457428791,298.82055560311,103.5,78.7962016698123
15.34575278759,3.99341831869318,298.818278681722,104,78.8034932099534
28.499254181385,4.014845049308,298.816260299344,104.5,78.817034641171
28.499254181385,4.01529652290394,298.814235028633,105,78.8305760723886
18.999495818615,4.00052043042243,298.811946170884,105.5,78.8396036898891
18.999495818615,4.00083063745225,298.809702773712,106,78.8486313073895
19.7302520906925,4.00230036675023,298.807487192915,106.5,78.8580061440042
19.7302520906925,4.00259706590606,298.805287055315,107,78.867380980619
3.65375,3.97708479900922,298.803366225685,107.5,78.8691170612896
3.65375,3.9771811613205,298.801510832674,108,78.8708531419602
-40.92200278759,3.90605479877077,298.806238185969,108.5,78.8514090371248
-40.92200278759,3.90559383490649,298.81132947965,109,78.8319649322893
-2.92299721240997,3.96586580200826,298.810194174369,109.5,78.8305760690773
-2.92299721240997,3.96592646485256,298.80880960231,110,78.8291872058654
15.3457493031025,3.99532404122876,298.806648365037,110.5,78.8364787443508
15.3457493031025,3.99558056675662,298.804422083875,111,78.8437702828363
-26.3069888496399,3.92904461798274,298.805997755327,111.5,78.831270507306
-26.3069888496399,3.92878101923557,298.807829473721,112,78.8187707317756
-40.92200278759,3.90533073769758,298.812825730819,112.5,78.7993266269401
-40.92200278759,3.9049027219458,298.817999612865,113,78.7798825221047
2.19224790930748,3.97342866237417,298.816490464448,113.5,78.7809241695137
2.19224790930748,3.97356488292611,298.814704742818,114,78.7819658169226
6.57675069689751,3.98073212484808,298.812692407708,114.5,78.7850907624609
6.57675069689751,3.98089554281879,298.810663168109,115,78.7882157079991
-2.92299721240997,3.96579233466823,298.809216157266,115.5,78.7868268447872
-2.92299721240997,3.96582814417289,298.807815554599,116,78.7854379815752
0,3.97055628250671,298.806197279092,116.5,78.7854379815752
0,3.97062296315194,298.804565915799,117,78.7854379815752
0.730749303102493,3.97185937897324,298.802888063609,117.5,78.7857851973782
0.730749303102493,3.97192840275124,298.801208680511,118,78.7861324131812
2.19225139379501,3.97434064579844,298.799442709654,118.5,78.7871740622458
2.19225139379501,3.97442105918985,298.797672844104,119,78.7882157113104
0.730749303102493,3.97215289793436,298.795993626397,119.5,78.7885629271134
0.730749303102493,3.97221055040135,298.794324163775,120,78.7889101429164
-49.6909944248199,3.8920431520134,298.801301335532,120.5,78.7652994484451
-49.6909944248199,3.89145837325338,298.808739422232,121,78.7416887539737
-78.92099442482,3.84584579717145,298.826260657996,121.5,78.7041894141374
-78.92099442482,3.84489358683042,298.844343737036,122,78.6666900743011
-26.3070167255402,3.92615710259256,298.84686244522,122.5,78.6541902855255
-26.3070167255402,3.92600220597705,298.84890521297,123,78.6416904967499
-17.5379832744598,3.93987048736841,298.84943392289,123.5,78.6333573174781
-17.5379832744598,3.93981049983006,298.849892641749,124,78.6250241382062
-14.615,3.94442982350748,298.849915926262,124.5,78.6180798155238
-14.615,3.94439225516356,298.849914021997,125,78.6111354928413
-5.84602230072021,3.95842825930489,298.848847110941,125.5,78.6083577531721
-5.84602230072021,3.95848473479667,298.847721238429,126,78.6055800135029
-14.615,3.94445908812845,298.84764032158,126.5,78.5986356908205
-14.615,3.94439586238694,298.847611874181,127,78.591691368138
2.19225139379501,3.97131761806373,298.84586229109,127.5,78.5927330172026
2.19225139379501,3.97145098853011,298.844018161131,128,78.5937746662672
12.422748606205,3.98799166139007,298.841744937366,128.5,78.5996773398851
12.422748606205,3.98822281566757,298.839436156883,129,78.6055800135029
5.11525557518005,3.97672477799986,298.83738054979,129.5,78.6080105290908
5.11525557518005,3.97685164590884,298.835359843315,130,78.6104410446787
3.65375,3.97462978966232,298.833417989454,130.5,78.6121771253493
3.65375,3.97473111593819,298.831485984607,131,78.61391320602
3.65375,3.97482915279022,298.829557572538,131.5,78.6156492866906
3.65375,3.97492426661696,298.82763270078,132,78.6173853673612
9.49974790930748,3.984386793279,298.825476326072,132.5,78.6218991761114
9.49974790930748,3.98454389515421,298.823302153952,133,78.6264129848616
10.96125,3.98703605500593,298.82110239682,133.5,78.6316212268735
10.96125,3.98719968341302,298.818906010391,134,78.6368294688853
8.03824930310249,3.98267798457204,298.816791714225,134.5,78.6406488460295
8.03824930310249,3.98279908504468,298.814695842197,135,78.6444682231738
9.49974965155125,3.98525808980032,298.812566618001,135.5,78.6489820327518
9.49974965155125,3.98539146689017,298.810439206784,136,78.6534958423299
8.03825104534626,3.98318229491192,298.808357868819,136.5,78.6573152203019
8.03825104534626,3.98329343719574,298.806288986058,137,78.661134598274
11.6919993031025,3.98925042559725,298.804150547852,137.5,78.6666900560888
11.6919993031025,3.98940025807806,298.80200727242,138,78.6722455139037
1.46149991288781,3.97316977855202,298.800222609735,138.5,78.6729399461305
1.46149991288781,3.97319451280723,298.798485454164,139,78.6736343783574
5.11524991288781,3.97907301886729,298.796574525219,139.5,78.6760648912549
5.11524991288781,3.97914505294896,298.794652036423,140,78.6784954041523
-8.76900034844875,3.95698762107254,298.793711746052,140.5,78.6743288103773
-8.76900034844875,3.95689407443751,298.7928471692,141,78.6701622166022
1.46150002177805,3.97318890202396,298.791177898138,141.5,78.6708566488809
1.46150002177805,3.9732292401945,298.789460901613,142,78.6715510811594
1.46150002177805,3.97326830976116,298.787747876586,142.5,78.6722455134381
1.46150002177805,3.97330661976661,298.786038805392,143,78.6729399457166
0,3.97100360590457,298.784420765987,143.5,78.6729399457166
0,3.97102376380502,298.782813387617,144,78.6729399457166
0,3.97104437363266,298.781210327901,144.5,78.6729399457166
0,3.97106526235181,298.779611252512,145,78.6729399457166
-37.998998606205,3.91054260827202,298.783509679577,145.5,78.6548847074045
-37.998998606205,3.9100929941864,298.787717933747,146,78.6368294690923
-137.38099442482,3.7615361033826,298.833981488375,146.5,78.571552838526
-137.38099442482,3.75963168653595,298.882350857702,147,78.5062762079598
-122.76599442482,3.77837746054269,298.922970479209,147.5,78.4479439000761
-122.76599442482,3.7768603734869,298.963984254946,148,78.3896115921924
-55.5370167255402,3.876049909535,298.974997908834,148.5,78.3632231580518
-55.5370167255402,3.87565340574049,298.985200871623,149,78.3368347239113
-49.6909944248199,3.88439998323592,298.993573526696,149.5,78.3132240294399
-49.6909944248199,3.88405519758157,299.001889172996,150,78.2896133349685
-37.9990055751801,3.90217537067249,299.006960072498,150.5,78.271558093345
-37.9990055751801,3.90197217944977,299.011906942701,151,78.2535028517216
-32.1530111503601,3.91105661153706,299.015429298089,151.5,78.238225336522
-32.1530111503601,3.91091010945647,299.01888390562,152,78.2229478213225
2.19225836277008,3.96585408715817,299.016995850503,152.5,78.2239894736985
2.19225836277008,3.96609625590444,299.014855177535,153,78.2250311260744
-2.92301115036011,3.9580950189282,299.013145880531,153.5,78.2236422562398
-2.92301115036011,3.95823659534553,299.011446886866,154,78.2222533864052
-23.3839776992798,3.92557289127608,299.01264241445,154.5,78.2111424807095
-23.3839776992798,3.9254446259746,299.01397441865,155,78.2000315750137
-20.4610223007202,3.92999120692854,299.014783424211,155.5,78.190309512662
-20.4610223007202,3.92990355569449,299.015570947983,156,78.1805874503104
-14.615,3.93917326588816,299.015411058412,156.5,78.1736431276279
-14.615,3.9391545962303,299.015204416619,157,78.1666988049454
-46.7680111503601,3.8880404618166,299.021980795676,157.5,78.1444769670634
-46.7680111503601,3.8875940619235,299.02908421115,158,78.1222551291814
-61.3830111503601,3.86435540340731,299.040902131489,158.5,78.0930889686169
-61.3830111503601,3.8637318488815,299.052993416621,159,78.0639228080524
-40.9219888496399,3.89519167000421,299.058860006749,159.5,78.0444787098395
-40.9219888496399,3.89489759478236,299.064554806871,160,78.0250346116267
-17.5380111503601,3.93188641847862,299.065135327373,160.5,78.0167014191097
-17.5380111503601,3.9318923795204,299.065508725855,161,78.0083682265926
-11.6919888496399,3.94126250501463,299.064951279836,161.5,78.0028127737447
-11.6919888496399,3.94131527465932,299.064334865539,162,77.9972573208968
-11.6919888496399,3.94135699088654,299.063702271984,162.5,77.9917018680489
-11.6919888496399,3.94138981196216,299.06305651672,163,77.986146415201
-14.615,3.93673004354048,299.062829916379,163.5,77.9792020925186
-14.615,3.93671415014497,299.062615528499,164,77.9722577698361
-5.84602230072021,3.95075371182287,299.061219035783,164.5,77.9694800301669
-5.84602230072021,3.95083533735991,299.059758370814,165,77.9667022904977
4.38450278759003,3.96731395029659,299.057351939789,165.5,77.968785588627
4.38450278759003,3.96749835532243,299.054886593829,166,77.9708688867563
2.19225836277008,3.96415941332298,299.052577795647,166.5,77.9719105391322
2.19225836277008,3.96429843715844,299.050278398791,167,77.9729521915082
7.3075,3.97261983640914,299.047648058296,167.5,77.9764243528494
7.3075,3.97280421575294,299.044995713014,168,77.9798965141907
4.38448884963989,3.96830426941564,299.042517041909,168.5,77.9819798056973
4.38448884963989,3.96844033713353,299.040054824976,169,77.9840630972039
4.38450278759003,3.96857190712705,299.037595327495,169.5,77.9861463953332
4.38450278759003,3.96869921021584,299.035138944587,170,77.9882296934625
3.65375,3.96765413347398,299.03273254167,170.5,77.9899657741331
3.65375,3.9677653391132,299.03033311272,171,77.9917018548037
3.65375,3.96787350207118,299.027937268417,171.5,77.9934379354743
3.65375,3.96797898965227,299.025544933781,172,77.995174016145
5.84600836277008,3.97158477823449,299.023027305773,172.5,77.9979517491915
5.84600836277008,3.97171027312465,299.020504385862,173,78.0007294822381
8.03823884963989,3.97533321661151,299.017880571729,173.5,78.0045488544153
8.03823884963989,3.97547729608287,299.015253598012,174,78.0083682265926
16.0765055751801,3.98843602171875,299.012431834319,174.5,78.0160069841924
16.0765055751801,3.98866362132684,299.009592701453,175,78.0236457417921
22.65325278759,3.99934337714902,299.006824347567,175.5,78.0344094432745
22.65325278759,3.99963106851517,299.004059453593,176,78.0451731447568
-5.84602230072021,3.95449329509946,299.002373926579,176.5,78.0423954050876
-5.84602230072021,3.9544357468137,299.000822402576,177,78.0396176654184
-14.615,3.94040465593813,299.000316159355,177.5,78.032673342736
-14.615,3.94025561318668,298.999874899799,178,78.0257290200535
0,3.96343705443854,298.997878254423,178.5,78.0257290200535
0,3.96348138709432,298.995803252455,179,78.0257290200535
0.730752787590027,3.96469049000673,298.993678376701,179.5,78.0260762375122
0.730752787590027,3.96474029089524,298.991553947184,180,78.0264234549708
0.730752787590027,3.96478873416442,298.989434141877,180.5,78.0267706724294
0.730752787590027,3.96483626694509,298.987318273911,181,78.0271178898881
1.46149860620499,3.96604943422214,298.985155681492,181.5,78.0278123214941
1.46149860620499,3.96610398073987,298.98299376641,182,78.0285067531001
0,3.96382461884381,298.98093990804,182.5,78.0285067531
0,3.96386004119232,298.978897643626,183,78.0285067531001
7.3075,3.97555668102888,298.976436137974,183.5,78.0319789144413
7.3075,3.9756768537784,298.973947206079,184,78.0354510757826
12.422748606205,3.98394719272946,298.971312002751,184.5,78.0413537494004
12.422748606205,3.98411861445358,298.968667037641,185,78.0472564230182
22.65325278759,4.00055416579001,298.966079853527,185.5,78.0580201245006
22.65325278759,4.0008312199472,298.96348311815,186,78.068783825983
21.19174721241,3.99877941834854,298.96087611446,186.5,78.078853092548
21.19174721241,3.99902380810985,298.958296029336,187,78.0889223591131
13.1534996515512,3.98648436583442,298.955683859496,187.5,78.0951722493617
13.1534996515512,3.98662682258822,298.953110426061,188,78.1014221396104
5.84599965155125,3.9751301844,298.950735121569,188.5,78.1041998685178
5.84599965155125,3.97518716260739,298.948394903656,189,78.1069775974253
11.6920010453463,3.98455983684533,298.94588981059,189.5,78.1125330560679
11.6920010453463,3.98468936413779,298.943369201856,190,78.1180885147106
3.65374956443906,3.97201101043267,298.941122340888,190.5,78.1198245951743
3.65374956443906,3.9720442539541,298.938914385539,191,78.121560675638
3.65375,3.97208047764615,298.9367105625,191.5,78.1232967563085
3.65375,3.97211889461565,298.93451112964,192,78.1250328369792
1.46150013066828,3.96866405080048,298.932437020505,192.5,78.1257272693095
1.46150013066828,3.96867987766897,298.930377415681,193,78.1264217016399
0,3.96636758913,298.928414238913,193.5,78.1264217016398
0,3.96637028001983,298.926462353531,194,78.1264217016398
0.730750010889024,3.96754054555843,298.924467410521,194.5,78.1267689177791
0.730750010889024,3.96755594090792,298.922473160691,195,78.1271161339184
-37.998998606205,3.90610452780303,298.926153100776,195.5,78.1090608956063
-37.998998606205,3.90564205248416,298.930151992714,196,78.0910056572941
-75.998004181385,3.84649628537228,298.94598082799,196.5,78.0548951773585
-75.998004181385,3.84554971009989,298.962427886649,197,78.0187846974228
-175.37998606205,3.70439553228227,299.035455960542,197.5,77.9354528318558
-175.37998606205,3.70185531601943,299.1115188127,198,77.8521209662887
-175.38,3.69939809034501,299.189046574987,198.5,77.768789094099
-175.38,3.69700586098676,299.267941622102,199,77.6854572219093
-99.3819888496399,3.80081102166535,299.299311875429,199.5,77.6382358329666
-99.3819888496399,3.79993944813985,299.329580643866,200,77.5910144440238
-40.9220446014404,3.88894341791409,299.336400307249,200.5,77.5715703193205
-40.9220446014404,3.88889486220947,299.342410028863,201,77.5521261946172
-20.4609665489197,3.92144634970342,299.343407824427,201.5,77.542404158756
-20.4609665489197,3.92156867106942,299.344132273723,202,77.5326821228949
0,3.95449274889365,299.341739068476,202.5,77.5326821228949
0,3.95478217699449,299.339154431927,203,77.5326821228949
6.57674721240997,3.96557897383832,299.335962777531,203.5,77.5358070667775
6.57674721240997,3.96588365980918,299.332711110161,204,77.5389320106601
10.96125,3.97317254462796,299.329185402778,204.5,77.5441402526719
10.96125,3.97348179088069,299.325632753979,205,77.5493484946838
16.8072444248199,3.98308968164497,299.321883120828,205.5,77.5573344631195
16.8072444248199,3.98342766587138,299.318118535616,206,77.5653204315553
26.30700278759,3.998824588294,299.314393024685,206.5,77.5778202137083
26.30700278759,3.99923333398289,299.310666797515,207,77.5903199958613
13.884254181385,3.97992138185365,299.306975304272,207.5,77.5969171043965
13.884254181385,3.98016503657921,299.303343219115,208,77.6035142129316
-108.15099442482,3.79184281542212,299.333794401434,208.5,77.5521262277303
-108.15099442482,3.79034898203626,299.365989315556,209,77.500738242529
-143.22698884964,3.73945927000197,299.419361197538,209.5,77.4326838855389
-143.22698884964,3.73746443963683,299.474257206175,210,77.3646295285487
-116.92,3.77252572994127,299.513854490703,210.5,77.3090749470889
-116.92,3.77116423276952,299.553520114434,211,77.2535203656291
-55.5370446014404,3.86208870694484,299.564866236091,211.5,77.2271319182434
-55.5370446014404,3.86179308160763,299.575389760086,212,77.2007434708576
-14.615,3.92645517649488,299.575041746998,212.5,77.1937991481751
-14.615,3.92664026912859,299.574242401173,213,77.1868548254926
-5.84596654891968,3.94084720284374,299.572010903631,213.5,77.1840771123139
-5.84596654891968,3.94106822068475,299.569666927232,214,77.1812993991352
22.65325278759,3.98678288781895,299.56524541764,214.5,77.1920631006176
22.65325278759,3.9872567865382,299.560687452724,215,77.2028268020999
27.0377416372299,3.99464575989811,299.556166464388,215.5,77.2156737950889
27.0377416372299,3.9951118445422,299.551660909506,216,77.2285207880779
5.11525557518005,3.96075752516027,299.54782311485,216.5,77.2309513036658
5.11525557518005,3.9609485770108,299.544082808038,217,77.2333818192537
-11.6919888496399,3.93436573773873,299.542205376257,217.5,77.2278263664059
-11.6919888496399,3.93434780470169,299.540431490674,218,77.222270913558
-2.92301115036011,3.94829767770356,299.53753553586,218.5,77.2208820437234
-2.92301115036011,3.94838989169699,299.53458396884,219,77.2194931738888
6.57674721240997,3.9635968976023,299.530795588007,219.5,77.2226181177714
6.57674721240997,3.96378975345583,299.52695924385,220,77.225743061654
7.3075,3.96513522950066,299.523080846652,220.5,77.2292152229952
7.3075,3.96532020840736,299.519204812441,221,77.2326873843364
8.03825278759003,3.96665896096879,299.515291756951,221.5,77.2365067631363
8.03825278759003,3.966839479994,299.511382599676,222,77.2403261419362
5.84599442481995,3.96353369853282,299.507615513611,222.5,77.2431038683602
5.84599442481995,3.96367824233599,299.503865662891,223,77.2458815947841
0,3.95453607168916,299.500574492757,223.5,77.2458815947841
0,3.9546059054446,299.497319034834,224,77.2458815947841
-11.6919888496399,3.93611024394836,299.495407237736,224.5,77.2403261419362
-11.6919888496399,3.93603926687558,299.493575110075,225,77.2347706890883
-23.3839776992798,3.91744728080222,299.493682642352,225.5,77.2236597833926
-23.3839776992798,3.91724001970018,299.493896416989,226,77.2125488776968
-20.4610223007202,3.9216705062021,299.493592156904,226.5,77.2028268153451
-20.4610223007202,3.92151932797487,299.493282187214,227,77.1931047529935
-14.615,3.93064445564273,299.492007074857,227.5,77.186160430311
-14.615,3.93057563472657,299.490697967619,228,77.1792161076285
-46.7680111503601,3.87985571803108,299.496569199725,228.5,77.1569942697465
-46.7680111503601,3.87936263554466,299.502788696688,229,77.1347724318645
-61.3830111503601,3.85625636136975,299.51381458604,229.5,77.1056062713
-61.3830111503601,3.85559016562527,299.525130888867,230,77.0764401107355
-52.6139776992798,3.8685097470118,299.533607113859,230.5,77.0514405596748
-52.6139776992798,3.86801780820966,299.542075664713,231,77.0264410086141
-32.1530111503601,3.89963514919971,299.54483103835,231.5,77.0111634934145
-32.1530111503601,3.89944600491236,299.547403770158,232,76.995885978215
-11.6919888496399,3.93175228219804,299.54594189085,232.5,76.9903305253671
-11.6919888496399,3.93181148152064,299.544307357962,233,76.9847750725192
5.11525557518005,3.95863407248307,299.540706202527,233.5,76.9872055881071
5.11525557518005,3.9588623238643,299.536998175836,234,76.9896361036951
8.76899163722992,3.96488293929099,299.533034045319,234.5,76.993802693331
8.76899163722992,3.96512138762573,299.529054839415,235,76.9979692829669
17.53799721241,3.97925242960264,299.524726541831,235.5,77.0063024688613
17.53799721241,3.9795629056927,299.520377003881,236,77.0146356547558
25.57625,3.99255130944153,299.516033953475,236.5,77.0267882194501
25.57625,3.99292324504053,299.51169632513,237,77.0389407841444
27.0377555751801,3.99558142087018,299.507426919267,237.5,77.051787783756
27.0377555751801,3.99594407448043,299.503190068635,238,77.0646347833677
31.422251393795,4.00317976164578,299.49915163652,238.5,77.0795650777973
31.422251393795,4.00356964924015,299.495146602392,239,77.0944953722268
43.11424721241,4.02219879654257,299.492048254982,239.5,77.1149811228156
43.11424721241,4.0226950195361,299.489002721449,240,77.1354668734044
24.1147496515512,3.99347216729124,299.484859434074,240.5,77.1469250056649
24.1147496515512,3.99373574746787,299.480791084831,241,77.1583831379255
0,3.95593443872074,299.477432507524,241.5,77.1583831379254
0,3.95591761731066,299.474183380819,242,77.1583831379254
0,3.95591164244676,299.470938568975,242.5,77.1583831379254
0,3.95591304951512,299.467698792682,243,77.1583831379254
0,3.9559204289749,299.464464893766,243.5,77.1583831379254
0,3.95593218356913,299.46123692406,244,77.1583831379254
0,3.95594767124398,299.458015473316,244.5,77.1583831379254
0,3.95596602406862,299.454800484939,245,77.1583831379254
0,3.95598683603337,299.451592256517,245.5,77.1583831379254
0,3.9560095301015,299.448390542964,246,77.1583831379254
0,3.95603388327479,299.445195598219,246.5,77.1583831379254
0,3.95605960277827,299.442007430727,247,77.1583831379254
0,3.9560866013511,299.43882677499,247.5,77.1583831379254
0,3.95611448734289,299.435652436507,248,77.1583831379254
0,3.95614325992786,299.432485442099,248.5,77.1583831379254
0,3.95617267759934,299.429324802201,249,77.1583831379254
0,3.95620274214236,299.426171491932,249.5,77.1583831379254
0,3.9562332779961,299.423024535652,250,77.1583831379254
0,3.95626428688858,299.419884934844,250.5,77.1583831379254
0,3.95629563959531,299.416751672482,251,77.1583831379254
0,3.95632735194411,299.413626156984,251.5,77.1583831379254
0,3.95635934271001,299.410507940042,252,77.1583831379254
0,3.9563915387825,299.407396124206,252.5,77.1583831379254
0,3.95642393529201,299.40429170055,253,77.1583831379254
0,3.95645647114503,299.401193506843,253.5,77.1583831379254
0,3.95648914484493,299.398102720773,254,77.1583831379255
-5.84600008711219,3.94726388002202,299.395559680751,254.5,77.1556054088111
-5.84600008711219,3.94722747055635,299.393056760521,255,77.1528276796967
-52.613998606205,3.87380872865726,299.400116410415,255.5,77.127828118702
-52.613998606205,3.87317269777362,299.407665777036,256,77.1028285577074
-73.075,3.84128286562609,299.42242908767,256.5,77.068106944295
-73.075,3.84040713969399,299.437636231212,257,77.0333853308826
-55.53700278759,3.86638396353766,299.446759733479,257.5,77.0069969033648
-55.53700278759,3.86582538709168,299.455798465238,258,76.9806084758468
-23.3839916372299,3.9156482500855,299.456511694281,258.5,76.9694975635284
-23.3839916372299,3.91554070535589,299.456940308267,259,76.95838665121
-11.69200278759,3.9339647468757,299.455383108618,259.5,76.9528311917395
-11.69200278759,3.9339837689341,299.453733498662,260,76.947275732269
2.92300069689751,3.95720913248083,299.450437337754,260.5,76.9486645971366
2.92300069689751,3.95737911472573,299.447052666981,261,76.9500534620043
4.38449930310249,3.95985473825618,299.443558104896,261.5,76.9521367584779
4.38449930310249,3.96001620537131,299.440059321821,262,76.9542200549515
0.730749303102493,3.95437104968183,299.43685279482,262.5,76.9545672707545
0.730749303102493,3.95447281246124,299.433669381529,263,76.9549144865575
10.2305006968975,3.96962971326542,299.429870544829,263.5,76.9597755127663
10.2305006968975,3.96983020381916,299.426035160419,264,76.9646365389752
5.11524860620499,3.96191918133672,299.422487958725,264.5,76.9670670512518
5.11524860620499,3.96204507082975,299.418973333843,265,76.9694975635284
-32.15299721241,3.90323089410188,299.420815982714,265.5,76.9542200549515
-32.15299721241,3.90289096348981,299.42295501381,266,76.9389425463746
18.26875,3.9823672558728,299.419173535738,266.5,76.9476229497277
18.26875,3.98266298057422,299.415120487188,267,76.9563033530807
-11.69200278759,3.93550067979982,299.413239170263,267.5,76.9507478936102
-11.69200278759,3.93542070147146,299.411526578435,268,76.9451924341398
2.92300069689751,3.95851410989748,299.408284247912,268.5,76.9465812990074
2.92300069689751,3.95861770720833,299.40496431989,269,76.947970163875
0.730749303102493,3.95524196153276,299.401821253658,269.5,76.948317379678
0.730749303102493,3.95531119585441,299.3986960788,270,76.948664595481
11.6920010453463,3.97273597679577,299.394936871175,270.5,76.9542200541237
11.6920010453463,3.97292686415843,299.391138033423,271,76.9597755127663
3.65374956443906,3.96038869049055,299.387759081653,271.5,76.96151159323
3.65374956443906,3.96047400418176,299.384426466846,272,76.9632476736936
3.65375,3.96055841971558,299.38110118524,272.5,76.9649837543643
3.65375,3.96064173215658,299.377782986526,273,76.9667198350349
2.19225008711219,3.9584094227948,299.374574352584,273.5,76.9677614834786
2.19225008711219,3.95847330326173,299.371380188122,274,76.9688031319224
0,3.95506485710266,299.368362118535,274.5,76.9688031319224
0,3.95510224028653,299.365362098396,275,76.9688031319224
-8.76900034844875,3.94125236827226,299.363249543609,275.5,76.9646365381474
-8.76900034844875,3.94118648202132,299.361195963111,276,76.9604699443723
-128.61198884964,3.76040784089852,299.402331199347,276.5,76.8993599100646
-128.61198884964,3.75859364421756,299.445612474128,277,76.838249875757
-146.15,3.73265454548107,299.500636718114,277.5,76.7688066489322
-146.15,3.73066413729704,299.556929893579,278,76.6993634221075
-122.76599442482,3.76125301689288,299.599445732013,278.5,76.6410311142238
-122.76599442482,3.75980714654607,299.642111986438,279,76.58269880634
-81.8440334510803,3.81826331095155,299.663740763364,279.5,76.5438105834238
-81.8440334510803,3.81756901114606,299.68488349425,280,76.5049223605077
-70.1519888496399,3.83462684048023,299.701067369999,280.5,76.4715896169299
-70.1519888496399,3.83410046840104,299.717139473278,281,76.4382568733521
-40.9219888496399,3.87905313207937,299.722942761187,281.5,76.4188127751393
-40.9219888496399,3.87893083073598,299.728369859273,282,76.3993686769265
0,3.94395494524423,299.725335528726,282.5,76.3993686769265
0,3.9442747244626,299.721920989963,283,76.3993686769265
5.84599442481995,3.95387942743116,299.71787068046,283.5,76.4021464033504
5.84599442481995,3.95419849420042,299.713758761334,284,76.4049241297743
-5.84596654891968,3.93587791512954,299.710909951401,284.5,76.4021464165956
-5.84596654891968,3.93602170062453,299.708112772077,285,76.399368703417
-14.615,3.92220623867677,299.706631598877,285.5,76.3924243807345
-14.615,3.92222443402544,299.705201331078,286,76.385480058052
-14.615,3.92223843272307,299.703763060809,286.5,76.3785357353695
-14.615,3.92224840233451,299.702318251123,287,76.371591412687
-14.615,3.92225414000715,299.700867204901,287.5,76.3646470900046
-14.615,3.92225618316401,299.699411298234,288,76.3577027673221
-14.615,3.92225453831836,299.697950954375,288.5,76.3507584446396
-14.615,3.92224978567565,299.696487308852,289,76.3438141219572
-14.615,3.92224175149811,299.695020594299,289.5,76.3368697992747
-14.615,3.92223103195312,299.693551779146,290,76.3299254765922
2.19224442481995,3.94890654475081,299.689858537109,290.5,76.3309671223455
2.19224442481995,3.94908828336392,299.686055223866,291,76.3320087680989
5.11525557518005,3.95389373320486,299.681993215336,291.5,76.3344392836868
5.11525557518005,3.95408723717392,299.677916885439,292,76.3368697992747
4.38450278759003,3.95311303007859,299.673903323288,292.5,76.338953097404
4.38450278759003,3.95328031269061,299.669897324318,293,76.3410363955333
3.65375,3.95228335614523,299.665956388448,293.5,76.3427724762038
3.65375,3.9524295599516,299.662023764682,294,76.3445085568745
-5.84602230072021,3.93752446227415,299.65908136338,294.5,76.3417308172053
-5.84602230072021,3.93754981902167,299.6561993526,295,76.3389530775361
8.76900557518005,3.9607131410188,299.651968030103,295.5,76.3431196737946
8.76900557518005,3.9609089573653,299.647664335285,296,76.3472862700531
14.615,3.97032681674418,299.643094940923,296.5,76.3542305927356
14.615,3.97057296027208,299.638514874249,297,76.3611749154181
1.46149163722992,3.95003585970276,299.634750441947,297.5,76.3618693437128
1.46149163722992,3.95011627027731,299.631059247133,298,76.3625637720074
2.92299721240997,3.95250796826914,299.627249737482,298.5,76.3639526352194
2.92299721240997,3.95260573679737,299.623438936917,299,76.3653414984314
17.538004181385,3.97576235790904,299.618900350684,299.5,76.3736746876371
17.538004181385,3.97602239711833,299.614313821984,300,76.3820078768429
17.538004181385,3.97627324434348,299.609749601511,300.5,76.3903410660487
17.538004181385,3.97651668061757,299.605206690727,301,76.3986742552544
8.76899860620499,3.96294187143317,299.600981434301,301.5,76.4028408482016
8.76899860620499,3.96307447558371,299.596806212299,302,76.4070074411489
3.65375,3.95513607371216,299.592962168022,302.5,76.4087435218195
3.65375,3.95520835489488,299.589151352926,303,76.4104796024901
5.84600139379501,3.95874192858803,299.585197379428,303.5,76.4132573322253
5.84600139379501,3.95884222756431,299.581240660811,304,76.4160350619606
-35.0760223007202,3.89451136513949,299.583442383355,304.5,76.3993686769264
-35.0760223007202,3.89410110163735,299.585984280176,305,76.3827022918923
-64.3059944248199,3.84856015133898,299.597332581573,305.5,76.3521472747385
-64.3059944248199,3.8477804695947,299.609146646181,306,76.3215922575846
-26.3069888496399,3.90604111758757,299.610219375487,306.5,76.3090924820543
-26.3069888496399,3.90584949656026,299.610962640522,307,76.2965927065239
10.23049721241,3.96342354901053,299.606885723803,307.5,76.3014537310771
10.23049721241,3.96366513683461,299.602588612247,308,76.3063147556303
13.884254181385,3.96965329727253,299.59814291476,308.5,76.3129118641655
13.884254181385,3.96990342176878,299.593697646469,309,76.3195089727006
13.1534944248199,3.9689895816182,299.589295316418,309.5,76.3257588604658
13.1534944248199,3.96920913472415,299.584912846154,310,76.332008748231
22.65325278759,3.98436061653208,299.5804054958,310.5,76.3427724497133
22.65325278759,3.98466990961009,299.575890707745,311,76.3535361511957
16.8072496515512,3.97578614134677,299.571434656223,311.5,76.361522122115
16.8072496515512,3.97601085363973,299.567021913926,312,76.3695080930342
8.76900034844875,3.96357577567457,299.562890962083,312.5,76.3736746868093
8.76900034844875,3.96369999479083,299.558806637713,313,76.3778412805844
10.2304998257756,3.96612712206124,299.554665053692,313.5,76.3827023063793
10.2304998257756,3.96626747010934,299.550528163805,314,76.3875633321743
4.38450017422438,3.95719152755046,299.546721394561,314.5,76.3896466290618
4.38450017422438,3.95726128584599,299.542951349785,315,76.3917299259493
0,3.95041603934303,299.539522450052,315.5,76.3917299259493
0,3.95043709833923,299.536124034909,316,76.3917299259493
0,3.95046114969022,299.532732710109,316.5,76.3917299259493
0,3.95048729873043,299.529348337758,317,76.3917299259493
0,3.9505151610354,299.525971102154,317.5,76.3917299259493
0,3.95054434842589,299.522601025595,318,76.3917299259493
0,3.95057471244819,299.519238909303,318.5,76.3917299259493
0,3.95060584755046,299.515883473916,319,76.3917299259493
0,3.95063772321392,299.512535777054,319.5,76.3917299259493
0,3.95067011415345,299.509194763639,320,76.3917299259493
0,3.95070300345809,299.50586150169,320.5,76.3917299259493
0,3.95073624021573,299.502534923916,321,76.3917299259493
0,3.95076982719489,299.499216510013,321.5,76.3917299259493
0,3.95080367295549,299.49590577214,322,76.3917299259493
0,3.95083770179605,299.492601789697,322.5,76.3917299259493
0,3.95087190166393,299.489305625328,323,76.3917299259493
-73.075,3.83736095879956,299.503323775716,323.5,76.357008312537
-73.075,3.83642485835162,299.51821363032,324,76.3222866991246
-105.22799721241,3.78807938520653,299.547853178023,324.5,76.2722875771353
-105.22799721241,3.78672131445862,299.578390191901,325,76.222288455146
4.38449930310249,3.95398145647166,299.575621764306,325.5,76.2243717516196
4.38449930310249,3.95422530598695,299.571823936869,326,76.2264550480932
16.8072496515512,3.97405596238198,299.567380413284,326.5,76.2344410190125
16.8072496515512,3.97438194495595,299.562894762361,327,76.2424269899318
-11.691995818615,3.92966647233941,299.560770878019,327.5,76.2368715337726
-11.691995818615,3.92962689585333,299.558811237869,328,76.2313160776134
-73.075,3.83429497940554,299.573449733027,328.5,76.196594464201
-73.075,3.83341698973961,299.588886212488,329,76.1618728507887
-87.6900139379501,3.8107096124934,299.610796367103,329.5,76.1202069080712
-87.6900139379501,3.80967678858413,299.633196961846,330,76.0785409653537
-20.4609944248199,3.91237360960274,299.633637779416,330.5,76.0688189162473
-20.4609944248199,3.9123611868794,299.633385690965,331,76.0590968671409
8.76899860620499,3.95866066292227,299.629325779831,331.5,76.0632634600881
8.76899860620499,3.9589494828882,299.625075589808,332,76.0674300530353
13.153501393795,3.96614307036512,299.620588717275,332.5,76.0736799441118
13.153501393795,3.96643603067632,299.616090823684,333,76.0799298351883
6.57675069689751,3.95632458048462,299.611973203686,333.5,76.0830547807266
6.57675069689751,3.95651348470808,299.607894988754,334,76.0861797262648
2.19225139379501,3.9497636000597,299.604163965091,334.5,76.0872213753294
2.19225139379501,3.94988614585426,299.600461478026,335,76.0882630243941
-11.69200278759,3.92805491568055,299.598367865732,335.5,76.0827075649236
-11.69200278759,3.92800452172054,299.596367726327,336,76.0771521054531
-35.0759944248199,3.89115147375435,299.598931172843,336.5,76.0604857336642
-35.0759944248199,3.89080944200693,299.601724922198,337,76.0438193618753
-35.0759944248199,3.89048396794958,299.604566373077,337.5,76.0271529900864
-35.0759944248199,3.89017197073401,299.607452728776,338,76.0104866182975
-26.3070167255402,3.90364794563206,299.608357873005,338.5,75.9979868295219
-26.3070167255402,3.90346939953961,299.609206766136,339,75.9854870407463
12.4227520906925,3.96453935270134,299.605015734538,339.5,75.9913897160198
12.4227520906925,3.96481996249106,299.600593262232,340,75.9972923912933
15.3457493031025,3.9696901014076,299.596071422179,340.5,76.0045839297788
15.3457493031025,3.96996904094662,299.591554400578,341,76.0118754682642
21.9225,3.98057663856248,299.586952282579,341.5,76.0222919522879
21.9225,3.98090255829029,299.582353708177,342,76.0327084363116
17.5380006968975,3.97432930991729,299.577822772649,342.5,76.0410416238617
17.5380006968975,3.97458415417245,299.573331897521,343,76.0493748114119
0.730750010889024,3.94834992334756,299.569731119053,343.5,76.0497220275512
0.730750010889024,3.94840026377992,299.566220166733,344,76.0500692436904
0,3.94730055770483,299.56278125773,344.5,76.0500692436904
0,3.94734722227274,299.559352972688,345,76.0500692436904
0,3.94739528970648,299.555931599295,345.5,76.0500692436904
0,3.947444099819,299.552517098975,346,76.0500692436904
0,3.94749332735205,299.549110198599,346.5,76.0500692436904
0,3.94754263545208,299.545709700712,347,76.0500692436904
0,3.94759187642317,299.542316625895,347.5,76.0500692436904
0,3.9476409399828,299.538929992941,348,76.0500692436904
0,3.94768972043963,299.535550823381,348.5,76.0500692436904
0,3.94773819603117,299.53217810155,349,76.0500692436904
0,3.947786282587,299.528812874267,349.5,76.0500692436904
0,3.94783400347681,299.525454114968,350,76.0500692436904
0,3.94788128700427,299.522102857256,350.5,76.0500692436904
0,3.947928179797,299.518758094615,351,76.0500692436904
0,3.9479745934314,299.515421270058,351.5,76.0500692436904
0,3.94802055391534,299.512091915419,352,76.0500692436904
0,3.9480661191922,299.5087690864,352.5,76.0500692436904
0,3.94811123879027,299.505453746774,353,76.0500692436904
0,3.94815597102162,299.502144996583,353.5,76.0500692436905
0,3.94820026387118,299.498843882235,354,76.0500692436904
0,3.94824419298488,299.495549158224,354.5,76.0500692436905
0,3.94828770022225,299.492262061557,355,76.0500692436904
-2.92300004355609,3.94371869183649,299.489253365097,355.5,76.0486803791333
-2.92300004355609,3.94372724442009,299.486268265995,356,76.0472915145761
-5.84600052267313,3.93912450199492,299.483599516781,356.5,76.0445137852547
-5.84600052267313,3.93910063062331,299.480955491865,357,76.0417360559334
-5.84599965155125,3.93907912913192,299.478318726478,357.5,76.038958327026
-5.84599965155125,3.93905946375239,299.475689112582,358,76.0361805981185
-2.92300069689751,3.94365489945005,299.472755841375,358.5,76.0347917332509
-2.92300069689751,3.94367259439868,299.469811758694,359,76.0334028683833
0.730750174224377,3.94945654392634,299.466537627763,359.5,76.0337500846002
0.730750174224377,3.94951601403052,299.463249829358,360,76.0340973008171
2.19225008711219,3.95187942243383,299.459851086721,360.5,76.0351389492608
2.19225008711219,3.95195180494676,299.45645184969,361,76.0361805977046
1.46150002177805,3.95086880318444,299.453118338223,361.5,76.0368750299832
1.46150002177805,3.95092851496564,299.449795718645,362,76.0375694622618
0,3.94868100865789,299.446600964965,362.5,76.0375694622618
0,3.94872153292081,299.443421121577,363,76.0375694622618
0,3.94876184446971,299.440249362894,363.5,76.0375694622618
0,3.94880187146192,299.437085103458,364,76.0375694622618
0,3.9488416348014,299.43392716093,364.5,76.0375694622618
0,3.9488810745916,299.430776688799,365,76.0375694622618
0,3.94892023856235,299.427632500211,365.5,76.0375694622618
0,3.9489590776596,299.424495801462,366,76.0375694622618
0,3.94899764654489,299.421365365522,366.5,76.0375694622618
0,3.94903590168443,299.418242382274,367,76.0375694622618
-2.92300004355609,3.94446107829037,299.415390182218,367.5,76.0361805977046
-2.92300004355609,3.94446460237838,299.412561244397,368,76.0347917331474
0.730750010889024,3.95023590469978,299.409412286828,368.5,76.0351389492867
0.730750010889024,3.95028453650937,299.40624992191,369,76.035486165426
0,3.94917866754398,299.403155937367,369.5,76.035486165426
0,3.94921650264326,299.40007355241,370,76.0354861654261
0,3.94925400752992,299.396997447212,370.5,76.0354861654261
0,3.94929114170292,299.393928731914,371,76.035486165426
-2.92300004355609,3.94471475661714,299.391128373157,371.5,76.0340973008688
-2.92300004355609,3.94471711936622,299.388351144027,372,76.0327084363116
0,3.94933445877711,299.385316943428,372.5,76.0327084363117
0,3.94937336684404,299.382273128914,373,76.0327084363116
0.730750010889024,3.95056473455099,299.379176236214,373.5,76.0330556524509
0.730750010889024,3.95061069380612,299.376082093302,374,76.0334028685903
0,3.94950236007484,299.373055493732,374.5,76.0334028685902
0,3.94953805197307,299.370040382433,375,76.0334028685903
0,3.94957352485067,299.367031472425,375.5,76.0334028685903
0,3.94960872887033,299.364029847413,376,76.0334028685902
0,3.94964370903335,299.361034352466,376.5,76.0334028685903
0,3.94967843150402,299.358046128297,377,76.0334028685902
0,3.94971294373346,299.355064005233,377.5,76.0334028685903
0,3.94974721525842,299.352089143747,378,76.0334028685903
0,3.94978129051916,299.349120351712,378.5,76.0334028685902
0,3.94981509469823,299.346160377401,379,76.0334028685902
0,3.94984876318076,299.343204882015,379.5,76.0334028685902
0,3.94988217607507,299.340258173881,380,76.0334028685903
0,3.94991546106421,299.337315954481,380.5,76.0334028685903
0,3.94994850447288,299.334382483701,381,76.0334028685903
0,3.94998142671574,299.331453491073,381.5,76.0334028685903
0,3.95001411952486,299.328533213204,382,76.0334028685903
0,3.95004669703165,299.325617400862,382.5,76.0334028685903
0,3.95007905571512,299.322710283538,383,76.0334028685903
0,3.95011130423642,299.319807619347,383.5,76.0334028685903
0,3.9501433432754,299.316913644039,384,76.0334028685903
0,3.95017527670005,299.314024073024,384.5,76.0334028685902
0,3.95020700893379,299.311143178632,385,76.0334028685903
0,3.95023863960004,299.308266667394,385.5,76.0334028685903
0,3.95027007359517,299.305398971148,386,76.0334028685903
0,3.95030141207159,299.302535493654,386.5,76.0334028685903
0,3.95033256117713,299.299680774534,387,76.0334028685903
0,3.95036361793495,299.296830295362,387.5,76.0334028685903
0,3.95039449143132,299.293988550353,388,76.0334028685903
0,3.95042527546942,299.291150992112,388.5,76.0334028685903
0,3.95045588180543,299.288322138808,389,76.0334028685903
0,3.95048640130882,299.285497501553,389.5,76.0334028685903
0,3.95051674818571,299.282681558367,390,76.0334028685903
0,3.95054701064738,299.279869778972,390.5,76.0334028685903
0,3.95057710514852,299.277066642617,391,76.0334028685903
0,3.95060711745103,299.274267678152,391.5,76.0334028685903
0,3.95063696609029,299.27147732453,392,76.0334028685903
0,3.95066673458069,299.268691142323,392.5,76.0334028685903
0,3.95069634337405,299.265913582546,393,76.0334028685903
0,3.95072587392415,299.263140159151,393.5,76.0334028685903
0,3.95075524847049,299.260375284089,394,76.0334028685903
0,3.95078454654112,299.257614535204,394.5,76.0334028685903
0,3.95081369203743,299.254862333192,395,76.0334028685903
-5.84600008711219,3.94160941578208,299.252649541055,395.5,76.0306251394759
-5.84600008711219,3.94156985401034,299.250476361745,396,76.0278474103615
-40.9219993031025,3.88643598349033,299.254576618652,396.5,76.0084033071817
-40.9219993031025,3.88596380104639,299.259006272579,397,75.9889592040019
-40.9219993031025,3.88551520223395,299.263508158191,397.5,75.9695151008221
-40.9219993031025,3.88508502266966,299.268075211301,398,75.9500709976423
0,3.94910948279008,299.26561398782,398.5,75.9500709976423
0,3.94920872052139,299.262868950279,399,75.9500709976423
6.57675069689751,3.95969291242874,299.259660718721,399.5,75.9531959431806
6.57675069689751,3.95984566484771,299.256426496882,400,75.9563208887188
-5.84600139379501,3.94035103793226,299.254215794271,400.5,75.9535431589835
-5.84600139379501,3.94034247199819,299.252078399496,401,75.9507654292483
-67.228998606205,3.84470723228623,299.264457338187,401.5,75.9188215455712
-67.228998606205,3.84389543393299,299.27755678952,402,75.8868776618941
-93.5360083627701,3.80379932010832,299.30182312829,402.5,75.8424339927527
-93.5360083627701,3.80266061300804,299.326766743485,403,75.7979903236113
-61.3829832744598,3.84990347793489,299.338738558313,403.5,75.768824176292
-61.3829832744598,3.84932748250971,299.350436186647,404,75.7396580289727
-23.3840055751801,3.908077229944,299.351642720588,404.5,75.7285471100317
-23.3840055751801,3.90801777753504,299.352481025644,405,75.7174361910907
3.65375,3.95080489803211,299.349489323859,405.5,75.7191722717613
3.65375,3.95103046471104,299.346308440208,406,75.720908352432
0.73074581861496,3.94660142577064,299.343373300718,406.5,75.7212555665793
0.73074581861496,3.94675480250728,299.340449613473,407,75.7216027807266
-17.5379832744598,3.91796639733766,299.33989728739,407.5,75.7132696014548
-17.5379832744598,3.91788211742889,299.339467837967,408,75.704936422183
-5.84599442481995,3.93630972626331,299.337355934302,408.5,75.7021586957591
-5.84599442481995,3.9363672833865,299.335165068321,409,75.6993809693351
-14.615,3.92253616102383,299.334176458116,409.5,75.6924366466527
-14.615,3.92247755849275,299.333249378691,410,75.6854923239702
2.19224442481995,3.94903253541055,299.330304723841,410.5,75.6865339697235
2.19224442481995,3.94917118913338,299.32725915497,411,75.6875756154768
8.03825278759003,3.95854835286417,299.323804967654,411.5,75.6913949942767
8.03825278759003,3.95873553706029,299.320328610813,412,75.6952143730766
8.76899860620499,3.96006805015209,299.316821239381,412.5,75.6993809660238
8.76899860620499,3.96024649020591,299.313319896229,413,75.703547558971
4.38450278759003,3.95348954982681,299.310095803391,413.5,75.7056308571003
4.38450278759003,3.953604816658,299.306900760576,414,75.7077141552296
-11.6920167255402,3.92830142127457,299.305378966242,414.5,75.7021586891364
-11.6920167255402,3.92822176205998,299.303961280269,415,75.6966032230433
-46.7679832744598,3.8731340659249,299.309999439902,415.5,75.6743813984065
-46.7679832744598,3.87261308923752,299.316412542894,416,75.6521595737698
-46.7680111503601,3.87211797334343,299.322914922344,416.5,75.6299377358877
-46.7680111503601,3.87164372519737,299.329499679794,417,75.6077158980057
-35.0759944248199,3.88943614338555,299.333017895914,417.5,75.5910495262168
-35.0759944248199,3.88914889559337,299.336462662255,418,75.574383154428
-8.76900557518005,3.93039024674989,299.334920966444,418.5,75.5702165581694
-8.76900557518005,3.93043708239013,299.33317595034,419,75.5660499619109
3.65375,3.95015288476386,299.330094562299,419.5,75.5677860425815
3.65375,3.95032249970289,299.32693997194,420,75.5695221232521
8.03825278759003,3.95741544638357,299.323484147007,420.5,75.573341502052
8.03825278759003,3.95761086683377,299.320012999047,421,75.5771608808519
0,3.94508249619173,299.317154119661,421.5,75.5771608808519
0,3.94516721234118,299.314342289337,422,75.5771608808519
-20.4609944248199,3.91290422546605,299.314299647364,422.5,75.5674388317455
-20.4609944248199,3.91273703358265,299.314408369216,423,75.557716782639
-37.9990055751801,3.88502761233891,299.318334300563,423.5,75.5396615410156
-37.9990055751801,3.88465026965646,299.322457733536,424,75.5216062993921
-20.4609944248199,3.91186283907324,299.322783417448,424.5,75.5118842502857
-20.4609944248199,3.91174050789044,299.322978458816,425,75.5021622011793
0.73074581861496,3.94515744894865,299.320254031998,425.5,75.5025094153266
0.73074581861496,3.94528640730586,299.317392557761,426,75.5028566294739
-11.6919888496399,3.92573952109724,299.315994894905,426.5,75.497301176626
-11.6919888496399,3.92570310241797,299.314677721606,427,75.4917457237782
-11.6920167255402,3.92566682355107,299.313364666101,427.5,75.486190257685
-11.6920167255402,3.92563034982087,299.312055494992,428,75.4806347915919
-5.84599442481995,3.93484576685412,299.309978928565,428.5,75.477857065168
-5.84599442481995,3.93487792738442,299.307866534004,429,75.4750793387441
-14.615,3.92103378362767,299.306962328018,429.5,75.4681350160616
-14.615,3.92095436127181,299.306122739693,430,75.4611906933791
9.49975139379501,3.95903176051538,299.302750274874,430.5,75.465704503785
9.49975139379501,3.95923645285275,299.299247460144,431,75.4702183141908
16.807251393795,3.97095727169955,299.295490300228,431.5,75.478204285938
16.807251393795,3.97122176580648,299.29172071295,432,75.4861902576851
8.03824581861496,3.95764597449066,299.288297020053,432.5,75.4900096331736
8.03824581861496,3.95779192364088,299.284923756451,433,75.4938290086622
-26.3069888496399,3.90372588081154,299.285948329296,433.5,75.4813292331318
-26.3069888496399,3.90345167552839,299.287227047608,434,75.4688294576015
-32.1530111503601,3.89401604507912,299.289796000759,434.5,75.4535519424019
-32.1530111503601,3.89369667777298,299.292454196533,435,75.4382744272024
6.57675418138504,3.95454051662474,299.289415991959,435.5,75.4413993743963
6.57675418138504,3.95471323997941,299.286131043423,436,75.4445243215902
24.114751393795,3.98250623006525,299.282391875812,436.5,75.4559824546786
24.114751393795,3.98284999368296,299.278612514532,437,75.4674405877669
8.76899860620499,3.95902359719272,299.275154972454,437.5,75.4716071807141
8.76899860620499,3.95916858753751,299.271774655837,438,75.4757737736613
0.730749303102493,3.94661869192023,299.268946119874,438.5,75.4761209894643
0.730749303102493,3.94666556436206,299.266165200075,439,75.4764682052673
-11.69200278759,3.92709054946625,299.264766952477,439.5,75.4709127457968
-11.69200278759,3.92699234446884,299.263453710483,440,75.4653572863263
18.26875,3.97419315767703,299.259919526635,440.5,75.4740376896794
18.26875,3.97445220798126,299.256253428322,441,75.4827180930325
16.0765003484488,3.97125082504611,299.252640194461,441.5,75.4903568481488
16.0765003484488,3.97146489783333,299.249054933625,442,75.4979956032651
6.57674895465374,3.95670387733763,299.245832785181,442.5,75.5011205479755
6.57674895465374,3.95679874301282,299.242662591478,443,75.5042454926859
7.30750087112188,3.95804654070475,299.23946029433,443.5,75.5077176544411
7.30750087112188,3.95814973330262,299.236262683059,444,75.5111898161962
5.84599965155125,3.95594667375973,299.233154497312,444.5,75.5139675451037
5.84599965155125,3.95603119666255,299.230061123514,445,75.5167452740111
4.38450017422438,3.95380967768768,299.227064586586,445.5,75.5188285708986
4.38450017422438,3.953876777219,299.224082136509,446,75.5209118677861
0,3.94702437477831,299.221428216979,446.5,75.5209118677861
0,3.9470410305474,299.21880304335,447,75.5209118677861
0,3.94706005933684,299.216183464845,447.5,75.5209118677861
0,3.94708081825744,299.213569533021,448,75.5209118677861
0,3.94710295637089,299.210961268066,448.5,75.5209118677861
0,3.94712615635108,299.208358683364,449,75.5209118677861
0,3.94715023269746,299.20576180468,449.5,75.5209118677861
0,3.94717499640196,299.203170671135,450,75.5209118677861
0,3.94720040763267,299.200585770417,450.5,75.5209118677861
0,3.94722624718148,299.198006145266,451,75.5209118677862
0,3.94725252356129,299.195432991902,451.5,75.5209118677861
0,3.94727913072069,299.192865913791,452,75.5209118677861
-2.92300004355609,3.94269018655006,299.190562146222,452.5,75.5195230032289
-2.92300004355609,3.94268311332626,299.188280365786,453,75.5181341386717
0.730750010889024,3.94844802811087,299.1856855001,453.5,75.518481354811
0.730750010889024,3.94848678618238,299.1830762081,454,75.5188285709503
0,3.94737068129915,299.18053246541,454.5,75.5188285709503
0,3.94739948390591,299.177999035077,455,75.5188285709503
0,3.94742824682342,299.175470805305,455.5,75.5188285709503
0,3.94745695485634,299.172948727489,456,75.5188285709503
0,3.94748561616543,299.170431789782,456.5,75.5188285709503
0,3.94751421126907,299.167922304136,457,75.5188285709503
0,3.94754277162447,299.165416610586,457.5,75.5188285709503
0,3.94757126292211,299.162918370011,458,75.5188285709503
0,3.94759971766835,299.160423918532,458.5,75.5188285709503
0,3.94762809884575,299.15793688292,459,75.5188285709503
0,3.94765644095137,299.155453614824,459.5,75.5188285709504
0,3.94768470333789,299.15297789821,460,75.5188285709503
0,3.94771292453222,299.150505789413,460.5,75.5188285709503
0,3.94774106130959,299.148041183578,461,75.5188285709503
0,3.94776915454223,299.145580199867,461.5,75.5188285709503
0,3.94779715873455,299.143126672739,462,75.5188285709503
0,3.94782511730965,299.140676760546,462.5,75.5188285709503
0,3.94785298283482,299.138234314618,463,75.5188285709504
0,3.94788080097627,299.135795477242,463.5,75.5188285709504
0,3.94790852269433,299.133364052147,464,75.5188285709503
0,3.94793619555932,299.130936229916,464.5,75.5188285709504
0,3.94796376920942,299.128515802856,465,75.5188285709504
0,3.94799129280682,299.126098961769,465.5,75.5188285709503
0,3.94801871492316,299.123689491779,466,75.5188285709504
0,3.94804608602433,299.121283609579,466.5,75.5188285709504
0,3.94807335383472,299.11888507938,467,75.5188285709504
0,3.9481005698784,299.116490106948,467.5,75.5188285709504
0,3.94812768121654,299.114102471092,468,75.5188285709504
0,3.94815474021113,299.111718384255,468.5,75.5188285709504
0,3.94818169342726,299.109341591756,469,75.5188285709504
0,3.94820859387352,299.106968346752,469.5,75.5188285709503
0,3.94823538775207,299.104602380536,470,75.5188285709504
0,3.94826212856711,299.102239937403,470.5,75.5188285709504
0,3.94828876226784,299.0998847648,471,75.5188285709504
0,3.9483153427197,299.097533093144,471.5,75.5188285709504
0,3.94834181571931,299.095188684908,472,75.5188285709504
0,3.94836823537677,299.092847747818,472.5,75.5188285709504
0,3.94839454742407,299.090514038371,473,75.5188285709503
0,3.94842080611339,299.088183788716,473.5,75.5188285709503
0,3.94844695717796,299.085860763241,474,75.5188285709503
0,3.94847305493499,299.083541177409,474.5,75.5188285709503
0,3.94849904518466,299.081228776146,475,75.5188285709504
0,3.94852498223057,299.078919830028,475.5,75.5188285709504
0,3.94855081199352,299.076618017711,476,75.5188285709504
0,3.94857658870525,299.074319658441,476.5,75.5188285709504
0,3.94860225844626,299.07202841763,477,75.5188285709504
0,3.94862787533019,299.069740616289,477.5,75.5188285709503
0,3.94865338563415,299.067459909808,478,75.5188285709504
0,3.94867884331057,299.065182620935,478.5,75.5188285709503
0,3.94870419486046,299.062912412668,479,75.5188285709503
0,3.94872949404013,299.060645612064,479.5,75.5188285709504
0,3.9487546876067,299.058385849138,480,75.5188285709504
0,3.94877982908248,299.056129502984,480.5,75.5188285709503
0,3.94880486550671,299.053880137619,481,75.5188285709503
0,3.94882985014161,299.05163418315,481.5,75.5188285709503
0,3.94885473031437,299.049395244879,482,75.5188285709503
0,3.94887955902226,299.047159663077,482.5,75.5188285709503
0,3.94890428390307,299.04493104498,483,75.5188285709503
0,3.94892895764959,299.042705800056,483.5,75.5188285709503
0,3.94895352822538,299.04048751009,484,75.5188285709503
0,3.94897804801594,299.038272551195,484.5,75.5188285709504
0,3.94900246531971,299.036064517661,485,75.5188285709504
0,3.94902683219128,299.033859821026,485.5,75.5188285709503
0,3.94905109727985,299.031662003063,486,75.5188285709504
0,3.94907531230065,299.029467510329,486.5,75.5188285709504
0,3.94909942625046,299.027279912511,487,75.5188285709504
0,3.94912349050315,299.02509562078,487.5,75.5188285709504
0,3.94914745441733,299.022918177981,488,75.5188285709503
0,3.94917136900982,299.020744036001,488.5,75.5188285709503
0,3.94919518400774,299.018576699203,489,75.5188285709504
0,3.94921895006041,299.016412669664,489.5,75.5188285709503
0,3.94924261726644,299.014255417959,490,75.5188285709503
0,3.94926623591189,299.012101453856,490.5,75.5188285709503
0,3.94928975645946,299.009954280676,491,75.5188285709504
0,3.94931322883589,299.007810343033,491.5,75.5188285709503
0,3.9493366038749,299.005673165466,492,75.5188285709504
0,3.94935993112445,299.003539242824,492.5,75.5188285709504
0,3.94938316179898,299.001412043997,493,75.5188285709504
0,3.94940634507399,298.999288071384,493.5,75.5188285709503
0,3.94942943253844,298.997170785986,494,75.5188285709503
0,3.94945247298423,298.995056748602,494.5,75.5188285709503
0,3.94947541838333,298.9929493736,495,75.5188285709503
-29.23,3.90338178204013,298.994890462705,495.5,75.5049399255854
-29.23,3.90305184780096,298.997060545786,496,75.4910512802205
-90.61299721241,3.80898833043581,299.019311960226,496.5,75.4479964809136
-90.61299721241,3.80784226175743,299.042554081563,497,75.4049416816068
-96.4590055751801,3.79815734749236,299.068865509378,497.5,75.3591091492534
-96.4590055751801,3.79701268877009,299.095622045973,498,75.3132766169001
-81.8439916372299,3.81755028688813,299.116047627067,498.5,75.2743884138518
-81.8439916372299,3.81669795353229,299.136493847274,499,75.2355002108035
-32.1530111503601,3.89243880895795,299.140376656314,499.5,75.220222695604
-32.1530111503601,3.89230348688413,299.143726222788,500,75.2049451804044
-14.615,3.91989433410528,299.143571430026,500.5,75.198000857722
-14.615,3.91993890478567,299.143249879439,501,75.1910565350395
-11.6919888496399,3.92460242252707,299.142455896143,501.5,75.1855010821916
-11.6919888496399,3.92464841345556,299.141622950577,502,75.1799456293437
-61.3830111503601,3.846880082276,299.153190296452,502.5,75.1507794687792
-61.3830111503601,3.84625429786863,299.165325477443,503,75.1216133082147
-49.6909944248199,3.86371446701604,299.17369723959,503.5,75.0980026137434
-49.6909944248199,3.86329927519693,299.182006922,504,75.074391919272
-52.6139776992798,3.85835346427837,299.191294073849,504.5,75.0493923682113
-52.6139776992798,3.85791125163275,299.200669600718,505,75.0243928171506
-23.3840334510803,3.90336398673278,299.202343449097,505.5,75.0132818849643
-23.3840334510803,3.90331849167071,299.203734470373,506,75.0021709527781
-29.23,3.89401446537356,299.206366050723,506.5,74.9882823074131
-29.23,3.89387287466496,299.209039505938,507,74.9743936620482
-17.5380111503601,3.9122388578193,299.209329876987,507.5,74.9660604695311
-17.5380111503601,3.91223451855448,299.209512215311,508,74.957727277014
2.19225836277008,3.94356154560626,299.206999644988,508.5,74.95876892939
2.19225836277008,3.94376623403304,299.204347666922,509,74.9598105817659
1.46149163722992,3.94279388975536,299.201755282274,509.5,74.9605050100606
1.46149163722992,3.94295936285469,299.199161467033,510,74.9611994383553
-32.1529553985596,3.88991713113053,299.202078819928,510.5,74.9459219496462
-32.1529553985596,3.88965466043576,299.205268624048,511,74.9306444609371
-5.84602230072021,3.93102748269334,299.20371117597,511.5,74.927866721268
-5.84602230072021,3.93110915246241,299.2019559228,512,74.9250889815988
16.0765055751801,3.96591605221886,299.198495847742,512.5,74.9327277391986
16.0765055751801,3.96622403097493,299.194934106637,513,74.9403664967983
8.76899163722992,3.95496567895851,299.191704731861,513.5,74.9445330864342
8.76899163722992,3.95516303640776,299.188517927705,514,74.9486996760701
33.61450278759,3.99444168618794,299.185231434494,514.5,74.9646716195644
33.61450278759,3.99489059859396,299.181905873103,515,74.9806435630586
40.19125,4.00556478522134,299.179072256542,515.5,74.9997404504354
40.19125,4.00605013628577,299.176298201863,516,75.0188373378122
33.6144993031025,3.99628362692999,299.173140069113,516.5,75.0348092796508
33.6144993031025,3.99667015211853,299.170049421673,517,75.0507812214893
15.3457510453463,3.96841367314071,299.166640413445,517.5,75.0580727608026
15.3457510453463,3.96858268024019,299.163308049498,518,75.0653643001159
5.84600008711219,3.95378244753712,299.160348581212,518.5,75.0681420292303
5.84600008711219,3.95384583873644,299.157437164943,519,75.0709197583447
-5.84600008711219,3.93545819028659,299.155504015699,519.5,75.0681420292303
-5.84600008711219,3.93539290245567,299.153640642914,520,75.0653643001159
-14.615,3.92149912526943,299.152903201182,520.5,75.0584199774334
-14.615,3.92134382647441,299.152234033266,521,75.051475654751
-20.4609996515512,3.91198662796406,299.15251375963,521.5,75.0417536031611
-20.4609996515512,3.91177845969085,299.15285392367,522,75.0320315515712
-26.3069993031025,3.90238438577426,299.154302801936,522.5,75.0195317710738
-26.3069993031025,3.90212211196635,299.155823103678,523,75.0070319905765
-11.69200278759,3.9249101039063,299.154886314763,523.5,75.001476531106
-11.69200278759,3.92484709302306,299.153851773762,524,74.9959210716355
-8.76899860620499,3.92940247460656,299.152433366064,524.5,74.9917544786883
-8.76899860620499,3.92937327139008,299.150999687391,525,74.9875878857411
2.19224965155125,3.94667371275811,299.148437113803,525.5,74.9886295339779
2.19224965155125,3.94676977749513,299.145815164423,526,74.9896711822147
10.96125,3.96070870915654,299.1426699622,526.5,74.9948794242265
10.96125,3.96089213385615,299.139493432461,527,75.0000876662384
8.03825017422438,3.95645478685255,299.136464589659,527.5,75.0039070437965
8.03825017422438,3.95658990040825,299.133459128967,528,75.0077264213547
-17.5379989546537,3.91633617904153,299.133169175663,528.5,74.9993932346324
-17.5379989546537,3.91616176341206,299.133048746051,529,74.9910600479101
-32.15299721241,3.89302404746949,299.135757652841,529.5,74.9757825393332
-32.15299721241,3.89268589028773,299.13862064948,530,74.9605050307563
-37.998998606205,3.88321971842921,299.142915396667,530.5,74.9424497924442
-37.998998606205,3.88283406283956,299.147312252113,531,74.9243945541319
-23.3840055751801,3.90540045699473,299.148509556935,531.5,74.9132836351909
-23.3840055751801,3.9052278936569,299.149602042199,532,74.9021727162499
-40.92200278759,3.8775507174173,299.154725077084,532.5,74.8827286114144
-40.92200278759,3.87715547573223,299.160048015424,533,74.863284506579
-73.075,3.82737236052161,299.176124632165,533.5,74.8285628931666
-73.075,3.82654646373539,299.192739727035,534,74.7938412797543
-55.5369888496399,3.85253776144934,299.203098607671,534.5,74.767452858859
-55.5369888496399,3.85202531694603,299.21334938998,535,74.7410644379637
-17.5380111503601,3.9110862433672,299.213857024054,535.5,74.7327312454466
-17.5380111503601,3.91108499420317,299.214010376333,536,74.7243980529296
0.730752787590027,3.94004140049841,299.211611727355,536.5,74.7247452703882
0.730752787590027,3.9402230350082,299.209080267906,537,74.7250924878468
5.84600139379501,3.94849157141455,299.206099153141,537.5,74.7278702175821
5.84600139379501,3.94869737829721,299.203088631232,538,74.7306479473174
16.8072479093075,3.9662103588448,299.199534546583,538.5,74.7386339174088
16.8072479093075,3.96651004942216,299.195944954413,539,74.7466198875003
2.19224790930748,3.94370790677485,299.193174418636,539.5,74.7476615349092
2.19224790930748,3.94381758028829,299.19048134554,540,74.7487031823183
-61.3829832744598,3.84442326019874,299.201691659962,540.5,74.719537034999
-61.3829832744598,3.84370100130152,299.213595346637,541,74.6903708876797
-49.6910223007202,3.86102314101869,299.221785502362,541.5,74.6667601799631
-49.6910223007202,3.86053697706062,299.229944422894,542,74.6431494722465
-37.9989776992798,3.87828753614753,299.23481714916,542.5,74.6250942438683
-37.9989776992798,3.8779891284382,299.239610435185,543,74.6070390154901
-105.22801115036,3.77609450293119,299.271137216496,543.5,74.5570398868781
-105.22801115036,3.77477974884366,299.303930502647,544,74.5070407582662
-119.84301115036,3.75258718413911,299.345325525453,544.5,74.4500973069718
-119.84301115036,3.75111412832858,299.387514957796,545,74.3931538556774
-93.5359665489197,3.7878045963845,299.415848752348,545.5,74.3487102064039
-93.5359665489197,3.78688408057013,299.444021615916,546,74.3042665571303
-67.2290334510803,3.82562016900117,299.460407860553,546.5,74.2723226568967
-67.2290334510803,3.82514491118156,299.476479472852,547,74.240378756663
-26.3069888496399,3.88874025555347,299.479299340182,547.5,74.2278789811327
-26.3069888496399,3.88880588959807,299.481614876998,548,74.2153792056023
-20.4610223007202,3.89813520035132,299.482544094325,548.5,74.2056571432506
-20.4610223007202,3.89821511961851,299.483363459876,549,74.195935080899
-17.5379553985596,3.90292300220861,299.483538179489,549.5,74.1876019148724
-17.5379553985596,3.90299881708274,299.483648131593,550,74.1792687488458
-11.6920446014404,3.91235858284827,299.482650380505,550.5,74.1737132695074
-11.6920446014404,3.91247388838585,299.481576254406,551,74.168157790169
0.730752787590027,3.9323328708965,299.478703068542,551.5,74.1685050076277
0.730752787590027,3.93256150153375,299.475725888915,552,74.1688522250864
2.19225836277008,3.93509329812445,299.472571176271,552.5,74.1698938774623
2.19225836277008,3.93530628991323,299.469395880427,553,74.1709355298383
11.6919888496399,3.95055438363262,299.465408074495,553.5,74.1764909826861
11.6919888496399,3.95084583598583,299.461370407089,554,74.182046435534
17.5380111503601,3.96034827100921,299.457051072775,554.5,74.1903796280511
17.5380111503601,3.96067490944914,299.452718826946,555,74.1987128205681
19.7302416372299,3.96443719959328,299.448340036017,555.5,74.2080876522159
19.7302416372299,3.96476145113601,299.443972933879,556,74.2174624838637
20.4610083627701,3.96622196407285,299.439613528252,556.5,74.2271845395927
20.4610083627701,3.9665326132054,299.43527368523,557,74.2369065953217
21.19174721241,3.96798019582794,299.430946934783,557.5,74.2469758618868
21.19174721241,3.96828085315419,299.426641361852,558,74.2570451284519
26.306995818615,3.97658136609382,299.422358205184,558.5,74.2695449072935
26.306995818615,3.9769216612746,299.418089696306,559,74.2820446861352
28.4992506968975,3.9806751228265,299.413894482549,559.5,74.2955861156972
28.4992506968975,3.98102199536332,299.409728749238,560,74.3091275452591
20.461001393795,3.96879873801938,299.40553834144,560.5,74.3188495976769
20.461001393795,3.96904279453843,299.401399167238,561,74.3285716500946
21.1917489546537,3.97042785259753,299.397276239272,561.5,74.3386409174875
21.1917489546537,3.97067429393263,299.393171096728,562,74.3487101848804
7.3075,3.94913568004059,299.38953747468,562.5,74.3521823462217
7.3075,3.9492195768497,299.385973560112,563,74.3556545075629
5.11524991288781,3.94586034651444,299.38256091681,563.5,74.3580850204604
5.11524991288781,3.94592604400243,299.379165066172,564,74.3605155333578
0,3.93794622669487,299.376193230077,564.5,74.3605155333578
0,3.9379578131387,299.373254629587,565,74.3605155333578
0,3.93797388283593,299.370321421401,565.5,74.3605155333578
0,3.93799320775568,299.367393525069,566,74.3605155333578
0,3.93801527629881,299.364471278005,566.5,74.3605155333578
0,3.93803950394425,299.361554756009,567,74.3605155333578
0,3.9380655302774,299.358644047091,567.5,74.3605155333578
0,3.93809300177069,299.355739169658,568,74.3605155333578
0,3.93812180381042,299.352840767803,568.5,74.3605155333578
0,3.93815151156841,299.349947837055,569,74.3605155333578
0,3.93818211119192,299.34706126216,569.5,74.3605155333578
0,3.93821334862867,299.344180177597,570,74.3605155333578
0,3.93824521602493,299.341305476531,570.5,74.3605155333578
0,3.9382775337566,299.338436290948,571,74.3605155333578
0,3.93831029577334,299.335573489787,571.5,74.3605155333579
0,3.9383433734331,299.33271619956,572,74.3605155333578
0,3.93837677390522,299.329865653538,572.5,74.3605155333578
0,3.93841041622308,299.327021474709,573,74.3605155333578
0,3.93844422978775,299.32418281772,573.5,74.3605155333578
0,3.93847820611004,299.32135063319,574,74.3605155333578
0,3.93851229058674,299.318523894374,574.5,74.3605155333578
0,3.93854647468586,299.315703614713,575,74.3605155333578
0,3.93858072007883,299.312888756308,575.5,74.3605155333578
0,3.93861501746255,299.310080337437,576,74.3605155333578
0,3.93864934089444,299.307277331716,576.5,74.3605155333578
0,3.93868367936777,299.304480762442,577,74.3605155333578
0,3.93871801656484,299.301689585857,577.5,74.3605155333578
0,3.93875234007165,299.298904840225,578,74.3605155333579
0,3.93878664100304,299.296125480314,578.5,74.3605155333578
0,3.93882090579655,299.293352526138,579,74.3605155333578
0,3.93885513134446,299.290584956234,579.5,74.3605155333578
0,3.93888930315149,299.287823770365,580,74.3605155333578
0,3.93892342262643,299.28506796584,580.5,74.3605155333578
0,3.93895747452051,299.282318537395,581,74.3605155333578
0,3.9389914637915,299.279574466114,581.5,74.3605155333578
0,3.93902537458563,299.276836768094,582,74.3605155333578
0,3.93905921465601,299.274104427116,582.5,74.3605155333578
0,3.93909294813304,299.271379816357,583,74.3605155333578
0,3.93912662421441,299.268659159451,583.5,74.3605155333578
0,3.93916018501999,299.265946224031,584,74.3605155333578
0,3.93919368482673,299.263237226567,584.5,74.3605155333578
0,3.93922706318463,299.260535945804,585,74.3605155333578
0,3.93926037772249,299.257838597993,585.5,74.3605155333578
0,3.93929356599042,299.255148955179,586,74.3605155333578
0,3.9393266882473,299.252463234514,586.5,74.3605155333578
0,3.93935968051055,299.249785173954,587,74.3605155333578
0,3.9393926050776,299.247111030124,587.5,74.3605155333578
0,3.93942539680108,299.244444540919,588,74.3605155333578
0,3.9394581195558,299.241781953497,588.5,74.3605155333578
0,3.93949070733226,299.239127021533,589,74.3605155333578
0,3.93952322519963,299.236475981471,589.5,74.3605155333578
0,3.93955560654113,299.233832559218,590,74.3605155333578
0,3.93958791730622,299.231193022461,590.5,74.3605155333578
0,3.93962009047031,299.228561089359,591,74.3605155333578
0,3.93965219261173,299.225933039257,591.5,74.3605155333578
0,3.93968415646632,299.223312573292,592,74.3605155333578
0,3.93971604903829,299.220695969254,592.5,74.3605155333578
0,3.93974780295865,299.218086934096,593,74.3605155333578
0,3.93977948548142,299.215481760291,593.5,74.3605155333578
0,3.93981102925284,299.212884126194,594,74.3605155333578
0,3.93984250164011,299.210290332707,594.5,74.3605155333577
0,3.93987383351097,299.207704203232,595,74.3605155333578
0,3.9399050954345,299.205121760046,595.5,74.3605155333577
0,3.9399362176871,299.202546982122,596,74.3605155333577
0,3.93996727021317,299.199975874202,596.5,74.3605155333578
0,3.93999818349757,299.19741241184,597,74.3605155333577
0,3.94002902733951,299.194852612331,597.5,74.3605155333578
0,3.94005973250244,299.192300386748,598,74.3605155333577
0,3.9400903685573,299.189751862692,598.5,74.3605155333577
0,3.94012086658458,299.187210935309,599,74.3605155333578
